regionname,statename,city,countyname,metro,year,yearlyindex
99501,AK,Anchorage,Anchorage Borough,"Anchorage, AK",2000,143155
99501,AK,Anchorage,Anchorage Borough,"Anchorage, AK",2001,156218
99501,AK,Anchorage,Anchorage Borough,"Anchorage, AK",2002,176823
99501,AK,Anchorage,Anchorage Borough,"Anchorage, AK",2003,188845
99501,AK,Anchorage,Anchorage Borough,"Anchorage, AK",2004,201257
99501,AK,Anchorage,Anchorage Borough,"Anchorage, AK",2005,219661
99501,AK,Anchorage,Anchorage Borough,"Anchorage, AK",2006,237980
99501,AK,Anchorage,Anchorage Borough,"Anchorage, AK",2007,254195
99501,AK,Anchorage,Anchorage Borough,"Anchorage, AK",2008,260648
99501,AK,Anchorage,Anchorage Borough,"Anchorage, AK",2009,258241
99501,AK,Anchorage,Anchorage Borough,"Anchorage, AK",2010,262916
99501,AK,Anchorage,Anchorage Borough,"Anchorage, AK",2011,258319
99501,AK,Anchorage,Anchorage Borough,"Anchorage, AK",2012,265474
99501,AK,Anchorage,Anchorage Borough,"Anchorage, AK",2013,276832
99501,AK,Anchorage,Anchorage Borough,"Anchorage, AK",2014,283244
99501,AK,Anchorage,Anchorage Borough,"Anchorage, AK",2015,294933
99501,AK,Anchorage,Anchorage Borough,"Anchorage, AK",2016,301578
99501,AK,Anchorage,Anchorage Borough,"Anchorage, AK",2017,300862
99501,AK,Anchorage,Anchorage Borough,"Anchorage, AK",2018,304453
99501,AK,Anchorage,Anchorage Borough,"Anchorage, AK",2019,307077
99501,AK,Anchorage,Anchorage Borough,"Anchorage, AK",2020,310577
99501,AK,Anchorage,Anchorage Borough,"Anchorage, AK",2021,313485
99501,AK,Anchorage,Anchorage Borough,"Anchorage, AK",2022,326619
99501,AK,Anchorage,Anchorage Borough,"Anchorage, AK",2023,332745
99501,AK,Anchorage,Anchorage Borough,"Anchorage, AK",2024,337909
99501,AK,Anchorage,Anchorage Borough,"Anchorage, AK",2025,342676
99502,AK,Anchorage,Anchorage Borough,"Anchorage, AK",2000,150940
99502,AK,Anchorage,Anchorage Borough,"Anchorage, AK",2001,176400
99502,AK,Anchorage,Anchorage Borough,"Anchorage, AK",2002,193760
99502,AK,Anchorage,Anchorage Borough,"Anchorage, AK",2003,204463
99502,AK,Anchorage,Anchorage Borough,"Anchorage, AK",2004,219182
99502,AK,Anchorage,Anchorage Borough,"Anchorage, AK",2005,240579
99502,AK,Anchorage,Anchorage Borough,"Anchorage, AK",2006,263399
99502,AK,Anchorage,Anchorage Borough,"Anchorage, AK",2007,280609
99502,AK,Anchorage,Anchorage Borough,"Anchorage, AK",2008,284917
99502,AK,Anchorage,Anchorage Borough,"Anchorage, AK",2009,284352
99502,AK,Anchorage,Anchorage Borough,"Anchorage, AK",2010,285194
99502,AK,Anchorage,Anchorage Borough,"Anchorage, AK",2011,280599
99502,AK,Anchorage,Anchorage Borough,"Anchorage, AK",2012,291863
99502,AK,Anchorage,Anchorage Borough,"Anchorage, AK",2013,307856
99502,AK,Anchorage,Anchorage Borough,"Anchorage, AK",2014,316679
99502,AK,Anchorage,Anchorage Borough,"Anchorage, AK",2015,330308
99502,AK,Anchorage,Anchorage Borough,"Anchorage, AK",2016,336822
99502,AK,Anchorage,Anchorage Borough,"Anchorage, AK",2017,334998
99502,AK,Anchorage,Anchorage Borough,"Anchorage, AK",2018,336964
99502,AK,Anchorage,Anchorage Borough,"Anchorage, AK",2019,358100
99502,AK,Anchorage,Anchorage Borough,"Anchorage, AK",2020,367073
99502,AK,Anchorage,Anchorage Borough,"Anchorage, AK",2021,374770
99502,AK,Anchorage,Anchorage Borough,"Anchorage, AK",2022,400221
99502,AK,Anchorage,Anchorage Borough,"Anchorage, AK",2023,414166
99502,AK,Anchorage,Anchorage Borough,"Anchorage, AK",2024,423557
99502,AK,Anchorage,Anchorage Borough,"Anchorage, AK",2025,435571
99503,AK,Anchorage,Anchorage Borough,"Anchorage, AK",2000,136566
99503,AK,Anchorage,Anchorage Borough,"Anchorage, AK",2001,151250
99503,AK,Anchorage,Anchorage Borough,"Anchorage, AK",2002,168063
99503,AK,Anchorage,Anchorage Borough,"Anchorage, AK",2003,176606
99503,AK,Anchorage,Anchorage Borough,"Anchorage, AK",2004,189729
99503,AK,Anchorage,Anchorage Borough,"Anchorage, AK",2005,203349
99503,AK,Anchorage,Anchorage Borough,"Anchorage, AK",2006,221107
99503,AK,Anchorage,Anchorage Borough,"Anchorage, AK",2007,238572
99503,AK,Anchorage,Anchorage Borough,"Anchorage, AK",2008,241142
99503,AK,Anchorage,Anchorage Borough,"Anchorage, AK",2009,240918
99503,AK,Anchorage,Anchorage Borough,"Anchorage, AK",2010,243870
99503,AK,Anchorage,Anchorage Borough,"Anchorage, AK",2011,238574
99503,AK,Anchorage,Anchorage Borough,"Anchorage, AK",2012,245161
99503,AK,Anchorage,Anchorage Borough,"Anchorage, AK",2013,255278
99503,AK,Anchorage,Anchorage Borough,"Anchorage, AK",2014,264231
99503,AK,Anchorage,Anchorage Borough,"Anchorage, AK",2015,276320
99503,AK,Anchorage,Anchorage Borough,"Anchorage, AK",2016,283946
99503,AK,Anchorage,Anchorage Borough,"Anchorage, AK",2017,280810
99503,AK,Anchorage,Anchorage Borough,"Anchorage, AK",2018,288126
99503,AK,Anchorage,Anchorage Borough,"Anchorage, AK",2019,299272
99503,AK,Anchorage,Anchorage Borough,"Anchorage, AK",2020,301974
99503,AK,Anchorage,Anchorage Borough,"Anchorage, AK",2021,304085
99503,AK,Anchorage,Anchorage Borough,"Anchorage, AK",2022,316568
99503,AK,Anchorage,Anchorage Borough,"Anchorage, AK",2023,322678
99503,AK,Anchorage,Anchorage Borough,"Anchorage, AK",2024,323048
99503,AK,Anchorage,Anchorage Borough,"Anchorage, AK",2025,325341
99504,AK,Anchorage,Anchorage Borough,"Anchorage, AK",2000,139530
99504,AK,Anchorage,Anchorage Borough,"Anchorage, AK",2001,157267
99504,AK,Anchorage,Anchorage Borough,"Anchorage, AK",2002,172394
99504,AK,Anchorage,Anchorage Borough,"Anchorage, AK",2003,181609
99504,AK,Anchorage,Anchorage Borough,"Anchorage, AK",2004,194981
99504,AK,Anchorage,Anchorage Borough,"Anchorage, AK",2005,214172
99504,AK,Anchorage,Anchorage Borough,"Anchorage, AK",2006,233800
99504,AK,Anchorage,Anchorage Borough,"Anchorage, AK",2007,247317
99504,AK,Anchorage,Anchorage Borough,"Anchorage, AK",2008,251597
99504,AK,Anchorage,Anchorage Borough,"Anchorage, AK",2009,252691
99504,AK,Anchorage,Anchorage Borough,"Anchorage, AK",2010,253844
99504,AK,Anchorage,Anchorage Borough,"Anchorage, AK",2011,249386
99504,AK,Anchorage,Anchorage Borough,"Anchorage, AK",2012,256800
99504,AK,Anchorage,Anchorage Borough,"Anchorage, AK",2013,268956
99504,AK,Anchorage,Anchorage Borough,"Anchorage, AK",2014,273663
99504,AK,Anchorage,Anchorage Borough,"Anchorage, AK",2015,282415
99504,AK,Anchorage,Anchorage Borough,"Anchorage, AK",2016,288502
99504,AK,Anchorage,Anchorage Borough,"Anchorage, AK",2017,286096
99504,AK,Anchorage,Anchorage Borough,"Anchorage, AK",2018,287632
99504,AK,Anchorage,Anchorage Borough,"Anchorage, AK",2019,303355
99504,AK,Anchorage,Anchorage Borough,"Anchorage, AK",2020,308542
99504,AK,Anchorage,Anchorage Borough,"Anchorage, AK",2021,310773
99504,AK,Anchorage,Anchorage Borough,"Anchorage, AK",2022,328260
99504,AK,Anchorage,Anchorage Borough,"Anchorage, AK",2023,336658
99504,AK,Anchorage,Anchorage Borough,"Anchorage, AK",2024,343949
99504,AK,Anchorage,Anchorage Borough,"Anchorage, AK",2025,352465
99507,AK,Anchorage,Anchorage Borough,"Anchorage, AK",2000,153277
99507,AK,Anchorage,Anchorage Borough,"Anchorage, AK",2001,179565
99507,AK,Anchorage,Anchorage Borough,"Anchorage, AK",2002,195869
99507,AK,Anchorage,Anchorage Borough,"Anchorage, AK",2003,205692
99507,AK,Anchorage,Anchorage Borough,"Anchorage, AK",2004,218884
99507,AK,Anchorage,Anchorage Borough,"Anchorage, AK",2005,238479
99507,AK,Anchorage,Anchorage Borough,"Anchorage, AK",2006,258351
99507,AK,Anchorage,Anchorage Borough,"Anchorage, AK",2007,276804
99507,AK,Anchorage,Anchorage Borough,"Anchorage, AK",2008,284128
99507,AK,Anchorage,Anchorage Borough,"Anchorage, AK",2009,285049
99507,AK,Anchorage,Anchorage Borough,"Anchorage, AK",2010,284880
99507,AK,Anchorage,Anchorage Borough,"Anchorage, AK",2011,278855
99507,AK,Anchorage,Anchorage Borough,"Anchorage, AK",2012,286466
99507,AK,Anchorage,Anchorage Borough,"Anchorage, AK",2013,298161
99507,AK,Anchorage,Anchorage Borough,"Anchorage, AK",2014,306265
99507,AK,Anchorage,Anchorage Borough,"Anchorage, AK",2015,317931
99507,AK,Anchorage,Anchorage Borough,"Anchorage, AK",2016,326025
99507,AK,Anchorage,Anchorage Borough,"Anchorage, AK",2017,323411
99507,AK,Anchorage,Anchorage Borough,"Anchorage, AK",2018,326492
99507,AK,Anchorage,Anchorage Borough,"Anchorage, AK",2019,342707
99507,AK,Anchorage,Anchorage Borough,"Anchorage, AK",2020,351262
99507,AK,Anchorage,Anchorage Borough,"Anchorage, AK",2021,355672
99507,AK,Anchorage,Anchorage Borough,"Anchorage, AK",2022,377536
99507,AK,Anchorage,Anchorage Borough,"Anchorage, AK",2023,387991
99507,AK,Anchorage,Anchorage Borough,"Anchorage, AK",2024,395895
99507,AK,Anchorage,Anchorage Borough,"Anchorage, AK",2025,405241
99508,AK,Anchorage,Anchorage Borough,"Anchorage, AK",2000,134949
99508,AK,Anchorage,Anchorage Borough,"Anchorage, AK",2001,150711
99508,AK,Anchorage,Anchorage Borough,"Anchorage, AK",2002,164887
99508,AK,Anchorage,Anchorage Borough,"Anchorage, AK",2003,173015
99508,AK,Anchorage,Anchorage Borough,"Anchorage, AK",2004,184899
99508,AK,Anchorage,Anchorage Borough,"Anchorage, AK",2005,202563
99508,AK,Anchorage,Anchorage Borough,"Anchorage, AK",2006,218746
99508,AK,Anchorage,Anchorage Borough,"Anchorage, AK",2007,232015
99508,AK,Anchorage,Anchorage Borough,"Anchorage, AK",2008,236934
99508,AK,Anchorage,Anchorage Borough,"Anchorage, AK",2009,238029
99508,AK,Anchorage,Anchorage Borough,"Anchorage, AK",2010,240280
99508,AK,Anchorage,Anchorage Borough,"Anchorage, AK",2011,235539
99508,AK,Anchorage,Anchorage Borough,"Anchorage, AK",2012,241703
99508,AK,Anchorage,Anchorage Borough,"Anchorage, AK",2013,253132
99508,AK,Anchorage,Anchorage Borough,"Anchorage, AK",2014,259908
99508,AK,Anchorage,Anchorage Borough,"Anchorage, AK",2015,270907
99508,AK,Anchorage,Anchorage Borough,"Anchorage, AK",2016,277292
99508,AK,Anchorage,Anchorage Borough,"Anchorage, AK",2017,275802
99508,AK,Anchorage,Anchorage Borough,"Anchorage, AK",2018,277231
99508,AK,Anchorage,Anchorage Borough,"Anchorage, AK",2019,286300
99508,AK,Anchorage,Anchorage Borough,"Anchorage, AK",2020,290525
99508,AK,Anchorage,Anchorage Borough,"Anchorage, AK",2021,295437
99508,AK,Anchorage,Anchorage Borough,"Anchorage, AK",2022,310057
99508,AK,Anchorage,Anchorage Borough,"Anchorage, AK",2023,318553
99508,AK,Anchorage,Anchorage Borough,"Anchorage, AK",2024,322719
99508,AK,Anchorage,Anchorage Borough,"Anchorage, AK",2025,333343
99515,AK,Anchorage,Anchorage Borough,"Anchorage, AK",2000,167076
99515,AK,Anchorage,Anchorage Borough,"Anchorage, AK",2001,194012
99515,AK,Anchorage,Anchorage Borough,"Anchorage, AK",2002,212496
99515,AK,Anchorage,Anchorage Borough,"Anchorage, AK",2003,223166
99515,AK,Anchorage,Anchorage Borough,"Anchorage, AK",2004,236819
99515,AK,Anchorage,Anchorage Borough,"Anchorage, AK",2005,260868
99515,AK,Anchorage,Anchorage Borough,"Anchorage, AK",2006,286817
99515,AK,Anchorage,Anchorage Borough,"Anchorage, AK",2007,302919
99515,AK,Anchorage,Anchorage Borough,"Anchorage, AK",2008,304799
99515,AK,Anchorage,Anchorage Borough,"Anchorage, AK",2009,303564
99515,AK,Anchorage,Anchorage Borough,"Anchorage, AK",2010,304630
99515,AK,Anchorage,Anchorage Borough,"Anchorage, AK",2011,299135
99515,AK,Anchorage,Anchorage Borough,"Anchorage, AK",2012,309164
99515,AK,Anchorage,Anchorage Borough,"Anchorage, AK",2013,326105
99515,AK,Anchorage,Anchorage Borough,"Anchorage, AK",2014,337618
99515,AK,Anchorage,Anchorage Borough,"Anchorage, AK",2015,352218
99515,AK,Anchorage,Anchorage Borough,"Anchorage, AK",2016,359518
99515,AK,Anchorage,Anchorage Borough,"Anchorage, AK",2017,356747
99515,AK,Anchorage,Anchorage Borough,"Anchorage, AK",2018,359921
99515,AK,Anchorage,Anchorage Borough,"Anchorage, AK",2019,382891
99515,AK,Anchorage,Anchorage Borough,"Anchorage, AK",2020,392021
99515,AK,Anchorage,Anchorage Borough,"Anchorage, AK",2021,399063
99515,AK,Anchorage,Anchorage Borough,"Anchorage, AK",2022,426744
99515,AK,Anchorage,Anchorage Borough,"Anchorage, AK",2023,442020
99515,AK,Anchorage,Anchorage Borough,"Anchorage, AK",2024,451923
99515,AK,Anchorage,Anchorage Borough,"Anchorage, AK",2025,462912
99516,AK,Anchorage,Anchorage Borough,"Anchorage, AK",2000,258248
99516,AK,Anchorage,Anchorage Borough,"Anchorage, AK",2001,306691
99516,AK,Anchorage,Anchorage Borough,"Anchorage, AK",2002,337062
99516,AK,Anchorage,Anchorage Borough,"Anchorage, AK",2003,351872
99516,AK,Anchorage,Anchorage Borough,"Anchorage, AK",2004,372502
99516,AK,Anchorage,Anchorage Borough,"Anchorage, AK",2005,407174
99516,AK,Anchorage,Anchorage Borough,"Anchorage, AK",2006,440234
99516,AK,Anchorage,Anchorage Borough,"Anchorage, AK",2007,463903
99516,AK,Anchorage,Anchorage Borough,"Anchorage, AK",2008,474931
99516,AK,Anchorage,Anchorage Borough,"Anchorage, AK",2009,467949
99516,AK,Anchorage,Anchorage Borough,"Anchorage, AK",2010,465676
99516,AK,Anchorage,Anchorage Borough,"Anchorage, AK",2011,454788
99516,AK,Anchorage,Anchorage Borough,"Anchorage, AK",2012,462595
99516,AK,Anchorage,Anchorage Borough,"Anchorage, AK",2013,478972
99516,AK,Anchorage,Anchorage Borough,"Anchorage, AK",2014,493422
99516,AK,Anchorage,Anchorage Borough,"Anchorage, AK",2015,506895
99516,AK,Anchorage,Anchorage Borough,"Anchorage, AK",2016,511874
99516,AK,Anchorage,Anchorage Borough,"Anchorage, AK",2017,508397
99516,AK,Anchorage,Anchorage Borough,"Anchorage, AK",2018,504166
99516,AK,Anchorage,Anchorage Borough,"Anchorage, AK",2019,523054
99516,AK,Anchorage,Anchorage Borough,"Anchorage, AK",2020,532134
99516,AK,Anchorage,Anchorage Borough,"Anchorage, AK",2021,557965
99516,AK,Anchorage,Anchorage Borough,"Anchorage, AK",2022,598633
99516,AK,Anchorage,Anchorage Borough,"Anchorage, AK",2023,628712
99516,AK,Anchorage,Anchorage Borough,"Anchorage, AK",2024,645770
99516,AK,Anchorage,Anchorage Borough,"Anchorage, AK",2025,667128
99517,AK,Anchorage,Anchorage Borough,"Anchorage, AK",2000,134210
99517,AK,Anchorage,Anchorage Borough,"Anchorage, AK",2001,156641
99517,AK,Anchorage,Anchorage Borough,"Anchorage, AK",2002,172745
99517,AK,Anchorage,Anchorage Borough,"Anchorage, AK",2003,181795
99517,AK,Anchorage,Anchorage Borough,"Anchorage, AK",2004,195025
99517,AK,Anchorage,Anchorage Borough,"Anchorage, AK",2005,211673
99517,AK,Anchorage,Anchorage Borough,"Anchorage, AK",2006,228136
99517,AK,Anchorage,Anchorage Borough,"Anchorage, AK",2007,246324
99517,AK,Anchorage,Anchorage Borough,"Anchorage, AK",2008,255477
99517,AK,Anchorage,Anchorage Borough,"Anchorage, AK",2009,257032
99517,AK,Anchorage,Anchorage Borough,"Anchorage, AK",2010,259624
99517,AK,Anchorage,Anchorage Borough,"Anchorage, AK",2011,253419
99517,AK,Anchorage,Anchorage Borough,"Anchorage, AK",2012,258738
99517,AK,Anchorage,Anchorage Borough,"Anchorage, AK",2013,274248
99517,AK,Anchorage,Anchorage Borough,"Anchorage, AK",2014,283492
99517,AK,Anchorage,Anchorage Borough,"Anchorage, AK",2015,296072
99517,AK,Anchorage,Anchorage Borough,"Anchorage, AK",2016,303894
99517,AK,Anchorage,Anchorage Borough,"Anchorage, AK",2017,302885
99517,AK,Anchorage,Anchorage Borough,"Anchorage, AK",2018,307596
99517,AK,Anchorage,Anchorage Borough,"Anchorage, AK",2019,321058
99517,AK,Anchorage,Anchorage Borough,"Anchorage, AK",2020,330221
99517,AK,Anchorage,Anchorage Borough,"Anchorage, AK",2021,338301
99517,AK,Anchorage,Anchorage Borough,"Anchorage, AK",2022,359848
99517,AK,Anchorage,Anchorage Borough,"Anchorage, AK",2023,375728
99517,AK,Anchorage,Anchorage Borough,"Anchorage, AK",2024,386334
99517,AK,Anchorage,Anchorage Borough,"Anchorage, AK",2025,394177
99518,AK,Anchorage,Anchorage Borough,"Anchorage, AK",2000,115990
99518,AK,Anchorage,Anchorage Borough,"Anchorage, AK",2001,132114
99518,AK,Anchorage,Anchorage Borough,"Anchorage, AK",2002,144723
99518,AK,Anchorage,Anchorage Borough,"Anchorage, AK",2003,152320
99518,AK,Anchorage,Anchorage Borough,"Anchorage, AK",2004,162017
99518,AK,Anchorage,Anchorage Borough,"Anchorage, AK",2005,175896
99518,AK,Anchorage,Anchorage Borough,"Anchorage, AK",2006,193641
99518,AK,Anchorage,Anchorage Borough,"Anchorage, AK",2007,208977
99518,AK,Anchorage,Anchorage Borough,"Anchorage, AK",2008,212427
99518,AK,Anchorage,Anchorage Borough,"Anchorage, AK",2009,211056
99518,AK,Anchorage,Anchorage Borough,"Anchorage, AK",2010,212703
99518,AK,Anchorage,Anchorage Borough,"Anchorage, AK",2011,207834
99518,AK,Anchorage,Anchorage Borough,"Anchorage, AK",2012,213925
99518,AK,Anchorage,Anchorage Borough,"Anchorage, AK",2013,226254
99518,AK,Anchorage,Anchorage Borough,"Anchorage, AK",2014,242112
99518,AK,Anchorage,Anchorage Borough,"Anchorage, AK",2015,253438
99518,AK,Anchorage,Anchorage Borough,"Anchorage, AK",2016,259379
99518,AK,Anchorage,Anchorage Borough,"Anchorage, AK",2017,255442
99518,AK,Anchorage,Anchorage Borough,"Anchorage, AK",2018,260143
99518,AK,Anchorage,Anchorage Borough,"Anchorage, AK",2019,271510
99518,AK,Anchorage,Anchorage Borough,"Anchorage, AK",2020,278101
99518,AK,Anchorage,Anchorage Borough,"Anchorage, AK",2021,286273
99518,AK,Anchorage,Anchorage Borough,"Anchorage, AK",2022,308903
99518,AK,Anchorage,Anchorage Borough,"Anchorage, AK",2023,318045
99518,AK,Anchorage,Anchorage Borough,"Anchorage, AK",2024,329074
99518,AK,Anchorage,Anchorage Borough,"Anchorage, AK",2025,332394
99540,AK,Anchorage,Anchorage Borough,"Anchorage, AK",2000,
99540,AK,Anchorage,Anchorage Borough,"Anchorage, AK",2001,
99540,AK,Anchorage,Anchorage Borough,"Anchorage, AK",2002,
99540,AK,Anchorage,Anchorage Borough,"Anchorage, AK",2003,
99540,AK,Anchorage,Anchorage Borough,"Anchorage, AK",2004,
99540,AK,Anchorage,Anchorage Borough,"Anchorage, AK",2005,
99540,AK,Anchorage,Anchorage Borough,"Anchorage, AK",2006,
99540,AK,Anchorage,Anchorage Borough,"Anchorage, AK",2007,
99540,AK,Anchorage,Anchorage Borough,"Anchorage, AK",2008,
99540,AK,Anchorage,Anchorage Borough,"Anchorage, AK",2009,
99540,AK,Anchorage,Anchorage Borough,"Anchorage, AK",2010,
99540,AK,Anchorage,Anchorage Borough,"Anchorage, AK",2011,381088
99540,AK,Anchorage,Anchorage Borough,"Anchorage, AK",2012,377844
99540,AK,Anchorage,Anchorage Borough,"Anchorage, AK",2013,393331
99540,AK,Anchorage,Anchorage Borough,"Anchorage, AK",2014,405683
99540,AK,Anchorage,Anchorage Borough,"Anchorage, AK",2015,421028
99540,AK,Anchorage,Anchorage Borough,"Anchorage, AK",2016,437477
99540,AK,Anchorage,Anchorage Borough,"Anchorage, AK",2017,437421
99540,AK,Anchorage,Anchorage Borough,"Anchorage, AK",2018,467173
99540,AK,Anchorage,Anchorage Borough,"Anchorage, AK",2019,484888
99540,AK,Anchorage,Anchorage Borough,"Anchorage, AK",2020,488281
99540,AK,Anchorage,Anchorage Borough,"Anchorage, AK",2021,504776
99540,AK,Anchorage,Anchorage Borough,"Anchorage, AK",2022,530768
99540,AK,Anchorage,Anchorage Borough,"Anchorage, AK",2023,553530
99540,AK,Anchorage,Anchorage Borough,"Anchorage, AK",2024,558602
99540,AK,Anchorage,Anchorage Borough,"Anchorage, AK",2025,577024
99556,AK,Anchor Point,Kenai Peninsula Borough,,2000,
99556,AK,Anchor Point,Kenai Peninsula Borough,,2001,
99556,AK,Anchor Point,Kenai Peninsula Borough,,2002,
99556,AK,Anchor Point,Kenai Peninsula Borough,,2003,
99556,AK,Anchor Point,Kenai Peninsula Borough,,2004,
99556,AK,Anchor Point,Kenai Peninsula Borough,,2005,143145
99556,AK,Anchor Point,Kenai Peninsula Borough,,2006,151503
99556,AK,Anchor Point,Kenai Peninsula Borough,,2007,156476
99556,AK,Anchor Point,Kenai Peninsula Borough,,2008,158770
99556,AK,Anchor Point,Kenai Peninsula Borough,,2009,158734
99556,AK,Anchor Point,Kenai Peninsula Borough,,2010,159859
99556,AK,Anchor Point,Kenai Peninsula Borough,,2011,160381
99556,AK,Anchor Point,Kenai Peninsula Borough,,2012,163018
99556,AK,Anchor Point,Kenai Peninsula Borough,,2013,166552
99556,AK,Anchor Point,Kenai Peninsula Borough,,2014,172162
99556,AK,Anchor Point,Kenai Peninsula Borough,,2015,180802
99556,AK,Anchor Point,Kenai Peninsula Borough,,2016,186173
99556,AK,Anchor Point,Kenai Peninsula Borough,,2017,184922
99556,AK,Anchor Point,Kenai Peninsula Borough,,2018,189843
99556,AK,Anchor Point,Kenai Peninsula Borough,,2019,207245
99556,AK,Anchor Point,Kenai Peninsula Borough,,2020,222532
99556,AK,Anchor Point,Kenai Peninsula Borough,,2021,247328
99556,AK,Anchor Point,Kenai Peninsula Borough,,2022,260990
99556,AK,Anchor Point,Kenai Peninsula Borough,,2023,250771
99556,AK,Anchor Point,Kenai Peninsula Borough,,2024,249845
99556,AK,Anchor Point,Kenai Peninsula Borough,,2025,251161
99567,AK,Chugiak,Anchorage Borough,"Anchorage, AK",2000,183390
99567,AK,Chugiak,Anchorage Borough,"Anchorage, AK",2001,200089
99567,AK,Chugiak,Anchorage Borough,"Anchorage, AK",2002,214627
99567,AK,Chugiak,Anchorage Borough,"Anchorage, AK",2003,230252
99567,AK,Chugiak,Anchorage Borough,"Anchorage, AK",2004,245269
99567,AK,Chugiak,Anchorage Borough,"Anchorage, AK",2005,265856
99567,AK,Chugiak,Anchorage Borough,"Anchorage, AK",2006,289666
99567,AK,Chugiak,Anchorage Borough,"Anchorage, AK",2007,309900
99567,AK,Chugiak,Anchorage Borough,"Anchorage, AK",2008,316721
99567,AK,Chugiak,Anchorage Borough,"Anchorage, AK",2009,312188
99567,AK,Chugiak,Anchorage Borough,"Anchorage, AK",2010,310604
99567,AK,Chugiak,Anchorage Borough,"Anchorage, AK",2011,308091
99567,AK,Chugiak,Anchorage Borough,"Anchorage, AK",2012,319587
99567,AK,Chugiak,Anchorage Borough,"Anchorage, AK",2013,333908
99567,AK,Chugiak,Anchorage Borough,"Anchorage, AK",2014,341703
99567,AK,Chugiak,Anchorage Borough,"Anchorage, AK",2015,352254
99567,AK,Chugiak,Anchorage Borough,"Anchorage, AK",2016,359780
99567,AK,Chugiak,Anchorage Borough,"Anchorage, AK",2017,362639
99567,AK,Chugiak,Anchorage Borough,"Anchorage, AK",2018,364645
99567,AK,Chugiak,Anchorage Borough,"Anchorage, AK",2019,399763
99567,AK,Chugiak,Anchorage Borough,"Anchorage, AK",2020,411654
99567,AK,Chugiak,Anchorage Borough,"Anchorage, AK",2021,423583
99567,AK,Chugiak,Anchorage Borough,"Anchorage, AK",2022,449851
99567,AK,Chugiak,Anchorage Borough,"Anchorage, AK",2023,463004
99567,AK,Chugiak,Anchorage Borough,"Anchorage, AK",2024,475987
99567,AK,Chugiak,Anchorage Borough,"Anchorage, AK",2025,494750
99568,AK,Clam Gulch,Kenai Peninsula Borough,,2000,
99568,AK,Clam Gulch,Kenai Peninsula Borough,,2001,
99568,AK,Clam Gulch,Kenai Peninsula Borough,,2002,
99568,AK,Clam Gulch,Kenai Peninsula Borough,,2003,
99568,AK,Clam Gulch,Kenai Peninsula Borough,,2004,
99568,AK,Clam Gulch,Kenai Peninsula Borough,,2005,
99568,AK,Clam Gulch,Kenai Peninsula Borough,,2006,
99568,AK,Clam Gulch,Kenai Peninsula Borough,,2007,
99568,AK,Clam Gulch,Kenai Peninsula Borough,,2008,
99568,AK,Clam Gulch,Kenai Peninsula Borough,,2009,
99568,AK,Clam Gulch,Kenai Peninsula Borough,,2010,
99568,AK,Clam Gulch,Kenai Peninsula Borough,,2011,
99568,AK,Clam Gulch,Kenai Peninsula Borough,,2012,159706
99568,AK,Clam Gulch,Kenai Peninsula Borough,,2013,162933
99568,AK,Clam Gulch,Kenai Peninsula Borough,,2014,167613
99568,AK,Clam Gulch,Kenai Peninsula Borough,,2015,177229
99568,AK,Clam Gulch,Kenai Peninsula Borough,,2016,187411
99568,AK,Clam Gulch,Kenai Peninsula Borough,,2017,186786
99568,AK,Clam Gulch,Kenai Peninsula Borough,,2018,190181
99568,AK,Clam Gulch,Kenai Peninsula Borough,,2019,206905
99568,AK,Clam Gulch,Kenai Peninsula Borough,,2020,224933
99568,AK,Clam Gulch,Kenai Peninsula Borough,,2021,255952
99568,AK,Clam Gulch,Kenai Peninsula Borough,,2022,275399
99568,AK,Clam Gulch,Kenai Peninsula Borough,,2023,264975
99568,AK,Clam Gulch,Kenai Peninsula Borough,,2024,256721
99568,AK,Clam Gulch,Kenai Peninsula Borough,,2025,256219
99572,AK,Cooper Landing,Kenai Peninsula Borough,,2000,
99572,AK,Cooper Landing,Kenai Peninsula Borough,,2001,
99572,AK,Cooper Landing,Kenai Peninsula Borough,,2002,
99572,AK,Cooper Landing,Kenai Peninsula Borough,,2003,
99572,AK,Cooper Landing,Kenai Peninsula Borough,,2004,
99572,AK,Cooper Landing,Kenai Peninsula Borough,,2005,
99572,AK,Cooper Landing,Kenai Peninsula Borough,,2006,
99572,AK,Cooper Landing,Kenai Peninsula Borough,,2007,
99572,AK,Cooper Landing,Kenai Peninsula Borough,,2008,
99572,AK,Cooper Landing,Kenai Peninsula Borough,,2009,
99572,AK,Cooper Landing,Kenai Peninsula Borough,,2010,
99572,AK,Cooper Landing,Kenai Peninsula Borough,,2011,
99572,AK,Cooper Landing,Kenai Peninsula Borough,,2012,252726
99572,AK,Cooper Landing,Kenai Peninsula Borough,,2013,260387
99572,AK,Cooper Landing,Kenai Peninsula Borough,,2014,269819
99572,AK,Cooper Landing,Kenai Peninsula Borough,,2015,282625
99572,AK,Cooper Landing,Kenai Peninsula Borough,,2016,295689
99572,AK,Cooper Landing,Kenai Peninsula Borough,,2017,317661
99572,AK,Cooper Landing,Kenai Peninsula Borough,,2018,321483
99572,AK,Cooper Landing,Kenai Peninsula Borough,,2019,331943
99572,AK,Cooper Landing,Kenai Peninsula Borough,,2020,350640
99572,AK,Cooper Landing,Kenai Peninsula Borough,,2021,386414
99572,AK,Cooper Landing,Kenai Peninsula Borough,,2022,423268
99572,AK,Cooper Landing,Kenai Peninsula Borough,,2023,409377
99572,AK,Cooper Landing,Kenai Peninsula Borough,,2024,436991
99572,AK,Cooper Landing,Kenai Peninsula Borough,,2025,477749
99574,AK,Cordova,Valdez Cordova Borough,,2000,
99574,AK,Cordova,Valdez Cordova Borough,,2001,
99574,AK,Cordova,Valdez Cordova Borough,,2002,
99574,AK,Cordova,Valdez Cordova Borough,,2003,
99574,AK,Cordova,Valdez Cordova Borough,,2004,
99574,AK,Cordova,Valdez Cordova Borough,,2005,
99574,AK,Cordova,Valdez Cordova Borough,,2006,
99574,AK,Cordova,Valdez Cordova Borough,,2007,
99574,AK,Cordova,Valdez Cordova Borough,,2008,
99574,AK,Cordova,Valdez Cordova Borough,,2009,
99574,AK,Cordova,Valdez Cordova Borough,,2010,
99574,AK,Cordova,Valdez Cordova Borough,,2011,
99574,AK,Cordova,Valdez Cordova Borough,,2012,
99574,AK,Cordova,Valdez Cordova Borough,,2013,
99574,AK,Cordova,Valdez Cordova Borough,,2014,
99574,AK,Cordova,Valdez Cordova Borough,,2015,
99574,AK,Cordova,Valdez Cordova Borough,,2016,
99574,AK,Cordova,Valdez Cordova Borough,,2017,
99574,AK,Cordova,Valdez Cordova Borough,,2018,
99574,AK,Cordova,Valdez Cordova Borough,,2019,
99574,AK,Cordova,Valdez Cordova Borough,,2020,
99574,AK,Cordova,Valdez Cordova Borough,,2021,
99574,AK,Cordova,Valdez Cordova Borough,,2022,370855
99574,AK,Cordova,Valdez Cordova Borough,,2023,331685
99574,AK,Cordova,Valdez Cordova Borough,,2024,336033
99574,AK,Cordova,Valdez Cordova Borough,,2025,382229
99577,AK,Eagle River,Anchorage Borough,"Anchorage, AK",2000,193170
99577,AK,Eagle River,Anchorage Borough,"Anchorage, AK",2001,207294
99577,AK,Eagle River,Anchorage Borough,"Anchorage, AK",2002,222043
99577,AK,Eagle River,Anchorage Borough,"Anchorage, AK",2003,234534
99577,AK,Eagle River,Anchorage Borough,"Anchorage, AK",2004,251381
99577,AK,Eagle River,Anchorage Borough,"Anchorage, AK",2005,275654
99577,AK,Eagle River,Anchorage Borough,"Anchorage, AK",2006,301354
99577,AK,Eagle River,Anchorage Borough,"Anchorage, AK",2007,315431
99577,AK,Eagle River,Anchorage Borough,"Anchorage, AK",2008,318802
99577,AK,Eagle River,Anchorage Borough,"Anchorage, AK",2009,317767
99577,AK,Eagle River,Anchorage Borough,"Anchorage, AK",2010,317885
99577,AK,Eagle River,Anchorage Borough,"Anchorage, AK",2011,311785
99577,AK,Eagle River,Anchorage Borough,"Anchorage, AK",2012,320901
99577,AK,Eagle River,Anchorage Borough,"Anchorage, AK",2013,335706
99577,AK,Eagle River,Anchorage Borough,"Anchorage, AK",2014,341746
99577,AK,Eagle River,Anchorage Borough,"Anchorage, AK",2015,351281
99577,AK,Eagle River,Anchorage Borough,"Anchorage, AK",2016,357232
99577,AK,Eagle River,Anchorage Borough,"Anchorage, AK",2017,356677
99577,AK,Eagle River,Anchorage Borough,"Anchorage, AK",2018,358107
99577,AK,Eagle River,Anchorage Borough,"Anchorage, AK",2019,395552
99577,AK,Eagle River,Anchorage Borough,"Anchorage, AK",2020,408018
99577,AK,Eagle River,Anchorage Borough,"Anchorage, AK",2021,414280
99577,AK,Eagle River,Anchorage Borough,"Anchorage, AK",2022,438217
99577,AK,Eagle River,Anchorage Borough,"Anchorage, AK",2023,450317
99577,AK,Eagle River,Anchorage Borough,"Anchorage, AK",2024,462780
99577,AK,Eagle River,Anchorage Borough,"Anchorage, AK",2025,474296
99587,AK,Anchorage,Anchorage Borough,"Anchorage, AK",2000,240000
99587,AK,Anchorage,Anchorage Borough,"Anchorage, AK",2001,235893
99587,AK,Anchorage,Anchorage Borough,"Anchorage, AK",2002,255024
99587,AK,Anchorage,Anchorage Borough,"Anchorage, AK",2003,261315
99587,AK,Anchorage,Anchorage Borough,"Anchorage, AK",2004,282425
99587,AK,Anchorage,Anchorage Borough,"Anchorage, AK",2005,312943
99587,AK,Anchorage,Anchorage Borough,"Anchorage, AK",2006,355209
99587,AK,Anchorage,Anchorage Borough,"Anchorage, AK",2007,368153
99587,AK,Anchorage,Anchorage Borough,"Anchorage, AK",2008,390334
99587,AK,Anchorage,Anchorage Borough,"Anchorage, AK",2009,384248
99587,AK,Anchorage,Anchorage Borough,"Anchorage, AK",2010,382614
99587,AK,Anchorage,Anchorage Borough,"Anchorage, AK",2011,371791
99587,AK,Anchorage,Anchorage Borough,"Anchorage, AK",2012,378846
99587,AK,Anchorage,Anchorage Borough,"Anchorage, AK",2013,398195
99587,AK,Anchorage,Anchorage Borough,"Anchorage, AK",2014,410415
99587,AK,Anchorage,Anchorage Borough,"Anchorage, AK",2015,423682
99587,AK,Anchorage,Anchorage Borough,"Anchorage, AK",2016,425388
99587,AK,Anchorage,Anchorage Borough,"Anchorage, AK",2017,430034
99587,AK,Anchorage,Anchorage Borough,"Anchorage, AK",2018,456419
99587,AK,Anchorage,Anchorage Borough,"Anchorage, AK",2019,475874
99587,AK,Anchorage,Anchorage Borough,"Anchorage, AK",2020,491780
99587,AK,Anchorage,Anchorage Borough,"Anchorage, AK",2021,505146
99587,AK,Anchorage,Anchorage Borough,"Anchorage, AK",2022,549922
99587,AK,Anchorage,Anchorage Borough,"Anchorage, AK",2023,586256
99587,AK,Anchorage,Anchorage Borough,"Anchorage, AK",2024,602628
99587,AK,Anchorage,Anchorage Borough,"Anchorage, AK",2025,641667
99603,AK,Homer,Kenai Peninsula Borough,,2000,
99603,AK,Homer,Kenai Peninsula Borough,,2001,
99603,AK,Homer,Kenai Peninsula Borough,,2002,
99603,AK,Homer,Kenai Peninsula Borough,,2003,
99603,AK,Homer,Kenai Peninsula Borough,,2004,
99603,AK,Homer,Kenai Peninsula Borough,,2005,200227
99603,AK,Homer,Kenai Peninsula Borough,,2006,211930
99603,AK,Homer,Kenai Peninsula Borough,,2007,220371
99603,AK,Homer,Kenai Peninsula Borough,,2008,227865
99603,AK,Homer,Kenai Peninsula Borough,,2009,228609
99603,AK,Homer,Kenai Peninsula Borough,,2010,229218
99603,AK,Homer,Kenai Peninsula Borough,,2011,229312
99603,AK,Homer,Kenai Peninsula Borough,,2012,234056
99603,AK,Homer,Kenai Peninsula Borough,,2013,239440
99603,AK,Homer,Kenai Peninsula Borough,,2014,243526
99603,AK,Homer,Kenai Peninsula Borough,,2015,251964
99603,AK,Homer,Kenai Peninsula Borough,,2016,258697
99603,AK,Homer,Kenai Peninsula Borough,,2017,262564
99603,AK,Homer,Kenai Peninsula Borough,,2018,275604
99603,AK,Homer,Kenai Peninsula Borough,,2019,294986
99603,AK,Homer,Kenai Peninsula Borough,,2020,310467
99603,AK,Homer,Kenai Peninsula Borough,,2021,348166
99603,AK,Homer,Kenai Peninsula Borough,,2022,378742
99603,AK,Homer,Kenai Peninsula Borough,,2023,371263
99603,AK,Homer,Kenai Peninsula Borough,,2024,377309
99603,AK,Homer,Kenai Peninsula Borough,,2025,386167
99605,AK,Hope,Kenai Peninsula Borough,,2000,
99605,AK,Hope,Kenai Peninsula Borough,,2001,
99605,AK,Hope,Kenai Peninsula Borough,,2002,
99605,AK,Hope,Kenai Peninsula Borough,,2003,
99605,AK,Hope,Kenai Peninsula Borough,,2004,
99605,AK,Hope,Kenai Peninsula Borough,,2005,
99605,AK,Hope,Kenai Peninsula Borough,,2006,
99605,AK,Hope,Kenai Peninsula Borough,,2007,
99605,AK,Hope,Kenai Peninsula Borough,,2008,
99605,AK,Hope,Kenai Peninsula Borough,,2009,
99605,AK,Hope,Kenai Peninsula Borough,,2010,
99605,AK,Hope,Kenai Peninsula Borough,,2011,
99605,AK,Hope,Kenai Peninsula Borough,,2012,149218
99605,AK,Hope,Kenai Peninsula Borough,,2013,149689
99605,AK,Hope,Kenai Peninsula Borough,,2014,153309
99605,AK,Hope,Kenai Peninsula Borough,,2015,158264
99605,AK,Hope,Kenai Peninsula Borough,,2016,162602
99605,AK,Hope,Kenai Peninsula Borough,,2017,163059
99605,AK,Hope,Kenai Peninsula Borough,,2018,166957
99605,AK,Hope,Kenai Peninsula Borough,,2019,184869
99605,AK,Hope,Kenai Peninsula Borough,,2020,200320
99605,AK,Hope,Kenai Peninsula Borough,,2021,223271
99605,AK,Hope,Kenai Peninsula Borough,,2022,240928
99605,AK,Hope,Kenai Peninsula Borough,,2023,236186
99605,AK,Hope,Kenai Peninsula Borough,,2024,237814
99605,AK,Hope,Kenai Peninsula Borough,,2025,248229
99610,AK,Kasilof,Kenai Peninsula Borough,,2000,
99610,AK,Kasilof,Kenai Peninsula Borough,,2001,
99610,AK,Kasilof,Kenai Peninsula Borough,,2002,
99610,AK,Kasilof,Kenai Peninsula Borough,,2003,
99610,AK,Kasilof,Kenai Peninsula Borough,,2004,
99610,AK,Kasilof,Kenai Peninsula Borough,,2005,160295
99610,AK,Kasilof,Kenai Peninsula Borough,,2006,167029
99610,AK,Kasilof,Kenai Peninsula Borough,,2007,170342
99610,AK,Kasilof,Kenai Peninsula Borough,,2008,174425
99610,AK,Kasilof,Kenai Peninsula Borough,,2009,173530
99610,AK,Kasilof,Kenai Peninsula Borough,,2010,172664
99610,AK,Kasilof,Kenai Peninsula Borough,,2011,173124
99610,AK,Kasilof,Kenai Peninsula Borough,,2012,175917
99610,AK,Kasilof,Kenai Peninsula Borough,,2013,176885
99610,AK,Kasilof,Kenai Peninsula Borough,,2014,180790
99610,AK,Kasilof,Kenai Peninsula Borough,,2015,190459
99610,AK,Kasilof,Kenai Peninsula Borough,,2016,202897
99610,AK,Kasilof,Kenai Peninsula Borough,,2017,207039
99610,AK,Kasilof,Kenai Peninsula Borough,,2018,212299
99610,AK,Kasilof,Kenai Peninsula Borough,,2019,231460
99610,AK,Kasilof,Kenai Peninsula Borough,,2020,245742
99610,AK,Kasilof,Kenai Peninsula Borough,,2021,275803
99610,AK,Kasilof,Kenai Peninsula Borough,,2022,298479
99610,AK,Kasilof,Kenai Peninsula Borough,,2023,290802
99610,AK,Kasilof,Kenai Peninsula Borough,,2024,287395
99610,AK,Kasilof,Kenai Peninsula Borough,,2025,285565
99611,AK,Kenai,Kenai Peninsula Borough,,2000,
99611,AK,Kenai,Kenai Peninsula Borough,,2001,
99611,AK,Kenai,Kenai Peninsula Borough,,2002,
99611,AK,Kenai,Kenai Peninsula Borough,,2003,
99611,AK,Kenai,Kenai Peninsula Borough,,2004,
99611,AK,Kenai,Kenai Peninsula Borough,,2005,186986
99611,AK,Kenai,Kenai Peninsula Borough,,2006,193541
99611,AK,Kenai,Kenai Peninsula Borough,,2007,197988
99611,AK,Kenai,Kenai Peninsula Borough,,2008,202923
99611,AK,Kenai,Kenai Peninsula Borough,,2009,202652
99611,AK,Kenai,Kenai Peninsula Borough,,2010,202674
99611,AK,Kenai,Kenai Peninsula Borough,,2011,204062
99611,AK,Kenai,Kenai Peninsula Borough,,2012,207590
99611,AK,Kenai,Kenai Peninsula Borough,,2013,212367
99611,AK,Kenai,Kenai Peninsula Borough,,2014,216969
99611,AK,Kenai,Kenai Peninsula Borough,,2015,228437
99611,AK,Kenai,Kenai Peninsula Borough,,2016,239942
99611,AK,Kenai,Kenai Peninsula Borough,,2017,243426
99611,AK,Kenai,Kenai Peninsula Borough,,2018,242293
99611,AK,Kenai,Kenai Peninsula Borough,,2019,258215
99611,AK,Kenai,Kenai Peninsula Borough,,2020,270103
99611,AK,Kenai,Kenai Peninsula Borough,,2021,293340
99611,AK,Kenai,Kenai Peninsula Borough,,2022,323742
99611,AK,Kenai,Kenai Peninsula Borough,,2023,318452
99611,AK,Kenai,Kenai Peninsula Borough,,2024,314723
99611,AK,Kenai,Kenai Peninsula Borough,,2025,315440
99615,AK,Kodiak,Kodiak Island Borough,,2000,
99615,AK,Kodiak,Kodiak Island Borough,,2001,
99615,AK,Kodiak,Kodiak Island Borough,,2002,
99615,AK,Kodiak,Kodiak Island Borough,,2003,
99615,AK,Kodiak,Kodiak Island Borough,,2004,
99615,AK,Kodiak,Kodiak Island Borough,,2005,255783
99615,AK,Kodiak,Kodiak Island Borough,,2006,272630
99615,AK,Kodiak,Kodiak Island Borough,,2007,281910
99615,AK,Kodiak,Kodiak Island Borough,,2008,280403
99615,AK,Kodiak,Kodiak Island Borough,,2009,275546
99615,AK,Kodiak,Kodiak Island Borough,,2010,267597
99615,AK,Kodiak,Kodiak Island Borough,,2011,285724
99615,AK,Kodiak,Kodiak Island Borough,,2012,297981
99615,AK,Kodiak,Kodiak Island Borough,,2013,312750
99615,AK,Kodiak,Kodiak Island Borough,,2014,320895
99615,AK,Kodiak,Kodiak Island Borough,,2015,318981
99615,AK,Kodiak,Kodiak Island Borough,,2016,308643
99615,AK,Kodiak,Kodiak Island Borough,,2017,313382
99615,AK,Kodiak,Kodiak Island Borough,,2018,327019
99615,AK,Kodiak,Kodiak Island Borough,,2019,357274
99615,AK,Kodiak,Kodiak Island Borough,,2020,377914
99615,AK,Kodiak,Kodiak Island Borough,,2021,404826
99615,AK,Kodiak,Kodiak Island Borough,,2022,439956
99615,AK,Kodiak,Kodiak Island Borough,,2023,416314
99615,AK,Kodiak,Kodiak Island Borough,,2024,400625
99615,AK,Kodiak,Kodiak Island Borough,,2025,427048
99623,AK,Meadow Lakes,Matanuska Susitna Borough,"Anchorage, AK",2000,
99623,AK,Meadow Lakes,Matanuska Susitna Borough,"Anchorage, AK",2001,
99623,AK,Meadow Lakes,Matanuska Susitna Borough,"Anchorage, AK",2002,
99623,AK,Meadow Lakes,Matanuska Susitna Borough,"Anchorage, AK",2003,
99623,AK,Meadow Lakes,Matanuska Susitna Borough,"Anchorage, AK",2004,
99623,AK,Meadow Lakes,Matanuska Susitna Borough,"Anchorage, AK",2005,181733
99623,AK,Meadow Lakes,Matanuska Susitna Borough,"Anchorage, AK",2006,197610
99623,AK,Meadow Lakes,Matanuska Susitna Borough,"Anchorage, AK",2007,205816
99623,AK,Meadow Lakes,Matanuska Susitna Borough,"Anchorage, AK",2008,205932
99623,AK,Meadow Lakes,Matanuska Susitna Borough,"Anchorage, AK",2009,203087
99623,AK,Meadow Lakes,Matanuska Susitna Borough,"Anchorage, AK",2010,202727
99623,AK,Meadow Lakes,Matanuska Susitna Borough,"Anchorage, AK",2011,202890
99623,AK,Meadow Lakes,Matanuska Susitna Borough,"Anchorage, AK",2012,206964
99623,AK,Meadow Lakes,Matanuska Susitna Borough,"Anchorage, AK",2013,211243
99623,AK,Meadow Lakes,Matanuska Susitna Borough,"Anchorage, AK",2014,215448
99623,AK,Meadow Lakes,Matanuska Susitna Borough,"Anchorage, AK",2015,228849
99623,AK,Meadow Lakes,Matanuska Susitna Borough,"Anchorage, AK",2016,238298
99623,AK,Meadow Lakes,Matanuska Susitna Borough,"Anchorage, AK",2017,242267
99623,AK,Meadow Lakes,Matanuska Susitna Borough,"Anchorage, AK",2018,243772
99623,AK,Meadow Lakes,Matanuska Susitna Borough,"Anchorage, AK",2019,265051
99623,AK,Meadow Lakes,Matanuska Susitna Borough,"Anchorage, AK",2020,279651
99623,AK,Meadow Lakes,Matanuska Susitna Borough,"Anchorage, AK",2021,306531
99623,AK,Meadow Lakes,Matanuska Susitna Borough,"Anchorage, AK",2022,331924
99623,AK,Meadow Lakes,Matanuska Susitna Borough,"Anchorage, AK",2023,339482
99623,AK,Meadow Lakes,Matanuska Susitna Borough,"Anchorage, AK",2024,348887
99623,AK,Meadow Lakes,Matanuska Susitna Borough,"Anchorage, AK",2025,355491
99631,AK,Moose Pass,Kenai Peninsula Borough,,2000,
99631,AK,Moose Pass,Kenai Peninsula Borough,,2001,
99631,AK,Moose Pass,Kenai Peninsula Borough,,2002,
99631,AK,Moose Pass,Kenai Peninsula Borough,,2003,
99631,AK,Moose Pass,Kenai Peninsula Borough,,2004,
99631,AK,Moose Pass,Kenai Peninsula Borough,,2005,
99631,AK,Moose Pass,Kenai Peninsula Borough,,2006,
99631,AK,Moose Pass,Kenai Peninsula Borough,,2007,
99631,AK,Moose Pass,Kenai Peninsula Borough,,2008,
99631,AK,Moose Pass,Kenai Peninsula Borough,,2009,
99631,AK,Moose Pass,Kenai Peninsula Borough,,2010,
99631,AK,Moose Pass,Kenai Peninsula Borough,,2011,
99631,AK,Moose Pass,Kenai Peninsula Borough,,2012,157229
99631,AK,Moose Pass,Kenai Peninsula Borough,,2013,157580
99631,AK,Moose Pass,Kenai Peninsula Borough,,2014,161904
99631,AK,Moose Pass,Kenai Peninsula Borough,,2015,171906
99631,AK,Moose Pass,Kenai Peninsula Borough,,2016,186246
99631,AK,Moose Pass,Kenai Peninsula Borough,,2017,190582
99631,AK,Moose Pass,Kenai Peninsula Borough,,2018,200885
99631,AK,Moose Pass,Kenai Peninsula Borough,,2019,220818
99631,AK,Moose Pass,Kenai Peninsula Borough,,2020,235664
99631,AK,Moose Pass,Kenai Peninsula Borough,,2021,264501
99631,AK,Moose Pass,Kenai Peninsula Borough,,2022,282494
99631,AK,Moose Pass,Kenai Peninsula Borough,,2023,275470
99631,AK,Moose Pass,Kenai Peninsula Borough,,2024,278732
99631,AK,Moose Pass,Kenai Peninsula Borough,,2025,282153
99639,AK,Ninilchik,Kenai Peninsula Borough,,2000,
99639,AK,Ninilchik,Kenai Peninsula Borough,,2001,
99639,AK,Ninilchik,Kenai Peninsula Borough,,2002,
99639,AK,Ninilchik,Kenai Peninsula Borough,,2003,
99639,AK,Ninilchik,Kenai Peninsula Borough,,2004,
99639,AK,Ninilchik,Kenai Peninsula Borough,,2005,
99639,AK,Ninilchik,Kenai Peninsula Borough,,2006,
99639,AK,Ninilchik,Kenai Peninsula Borough,,2007,
99639,AK,Ninilchik,Kenai Peninsula Borough,,2008,
99639,AK,Ninilchik,Kenai Peninsula Borough,,2009,
99639,AK,Ninilchik,Kenai Peninsula Borough,,2010,
99639,AK,Ninilchik,Kenai Peninsula Borough,,2011,
99639,AK,Ninilchik,Kenai Peninsula Borough,,2012,151068
99639,AK,Ninilchik,Kenai Peninsula Borough,,2013,152285
99639,AK,Ninilchik,Kenai Peninsula Borough,,2014,157855
99639,AK,Ninilchik,Kenai Peninsula Borough,,2015,161494
99639,AK,Ninilchik,Kenai Peninsula Borough,,2016,164830
99639,AK,Ninilchik,Kenai Peninsula Borough,,2017,164887
99639,AK,Ninilchik,Kenai Peninsula Borough,,2018,165780
99639,AK,Ninilchik,Kenai Peninsula Borough,,2019,177304
99639,AK,Ninilchik,Kenai Peninsula Borough,,2020,194723
99639,AK,Ninilchik,Kenai Peninsula Borough,,2021,207701
99639,AK,Ninilchik,Kenai Peninsula Borough,,2022,225784
99639,AK,Ninilchik,Kenai Peninsula Borough,,2023,221943
99639,AK,Ninilchik,Kenai Peninsula Borough,,2024,217375
99639,AK,Ninilchik,Kenai Peninsula Borough,,2025,209384
99645,AK,Palmer,Matanuska Susitna Borough,"Anchorage, AK",2000,
99645,AK,Palmer,Matanuska Susitna Borough,"Anchorage, AK",2001,
99645,AK,Palmer,Matanuska Susitna Borough,"Anchorage, AK",2002,
99645,AK,Palmer,Matanuska Susitna Borough,"Anchorage, AK",2003,
99645,AK,Palmer,Matanuska Susitna Borough,"Anchorage, AK",2004,
99645,AK,Palmer,Matanuska Susitna Borough,"Anchorage, AK",2005,215304
99645,AK,Palmer,Matanuska Susitna Borough,"Anchorage, AK",2006,231332
99645,AK,Palmer,Matanuska Susitna Borough,"Anchorage, AK",2007,244206
99645,AK,Palmer,Matanuska Susitna Borough,"Anchorage, AK",2008,244251
99645,AK,Palmer,Matanuska Susitna Borough,"Anchorage, AK",2009,243985
99645,AK,Palmer,Matanuska Susitna Borough,"Anchorage, AK",2010,242707
99645,AK,Palmer,Matanuska Susitna Borough,"Anchorage, AK",2011,242972
99645,AK,Palmer,Matanuska Susitna Borough,"Anchorage, AK",2012,244670
99645,AK,Palmer,Matanuska Susitna Borough,"Anchorage, AK",2013,249784
99645,AK,Palmer,Matanuska Susitna Borough,"Anchorage, AK",2014,254494
99645,AK,Palmer,Matanuska Susitna Borough,"Anchorage, AK",2015,270132
99645,AK,Palmer,Matanuska Susitna Borough,"Anchorage, AK",2016,280627
99645,AK,Palmer,Matanuska Susitna Borough,"Anchorage, AK",2017,286072
99645,AK,Palmer,Matanuska Susitna Borough,"Anchorage, AK",2018,286560
99645,AK,Palmer,Matanuska Susitna Borough,"Anchorage, AK",2019,310576
99645,AK,Palmer,Matanuska Susitna Borough,"Anchorage, AK",2020,326439
99645,AK,Palmer,Matanuska Susitna Borough,"Anchorage, AK",2021,358998
99645,AK,Palmer,Matanuska Susitna Borough,"Anchorage, AK",2022,386449
99645,AK,Palmer,Matanuska Susitna Borough,"Anchorage, AK",2023,398613
99645,AK,Palmer,Matanuska Susitna Borough,"Anchorage, AK",2024,411705
99645,AK,Palmer,Matanuska Susitna Borough,"Anchorage, AK",2025,420728
99654,AK,Wasilla,Matanuska Susitna Borough,"Anchorage, AK",2000,
99654,AK,Wasilla,Matanuska Susitna Borough,"Anchorage, AK",2001,
99654,AK,Wasilla,Matanuska Susitna Borough,"Anchorage, AK",2002,
99654,AK,Wasilla,Matanuska Susitna Borough,"Anchorage, AK",2003,
99654,AK,Wasilla,Matanuska Susitna Borough,"Anchorage, AK",2004,
99654,AK,Wasilla,Matanuska Susitna Borough,"Anchorage, AK",2005,218680
99654,AK,Wasilla,Matanuska Susitna Borough,"Anchorage, AK",2006,233991
99654,AK,Wasilla,Matanuska Susitna Borough,"Anchorage, AK",2007,243431
99654,AK,Wasilla,Matanuska Susitna Borough,"Anchorage, AK",2008,243089
99654,AK,Wasilla,Matanuska Susitna Borough,"Anchorage, AK",2009,241396
99654,AK,Wasilla,Matanuska Susitna Borough,"Anchorage, AK",2010,239696
99654,AK,Wasilla,Matanuska Susitna Borough,"Anchorage, AK",2011,238984
99654,AK,Wasilla,Matanuska Susitna Borough,"Anchorage, AK",2012,242333
99654,AK,Wasilla,Matanuska Susitna Borough,"Anchorage, AK",2013,246706
99654,AK,Wasilla,Matanuska Susitna Borough,"Anchorage, AK",2014,251058
99654,AK,Wasilla,Matanuska Susitna Borough,"Anchorage, AK",2015,265588
99654,AK,Wasilla,Matanuska Susitna Borough,"Anchorage, AK",2016,276440
99654,AK,Wasilla,Matanuska Susitna Borough,"Anchorage, AK",2017,280376
99654,AK,Wasilla,Matanuska Susitna Borough,"Anchorage, AK",2018,282097
99654,AK,Wasilla,Matanuska Susitna Borough,"Anchorage, AK",2019,308908
99654,AK,Wasilla,Matanuska Susitna Borough,"Anchorage, AK",2020,318416
99654,AK,Wasilla,Matanuska Susitna Borough,"Anchorage, AK",2021,349921
99654,AK,Wasilla,Matanuska Susitna Borough,"Anchorage, AK",2022,380190
99654,AK,Wasilla,Matanuska Susitna Borough,"Anchorage, AK",2023,389762
99654,AK,Wasilla,Matanuska Susitna Borough,"Anchorage, AK",2024,401098
99654,AK,Wasilla,Matanuska Susitna Borough,"Anchorage, AK",2025,412845
99663,AK,Seldovia,Kenai Peninsula Borough,,2000,
99663,AK,Seldovia,Kenai Peninsula Borough,,2001,
99663,AK,Seldovia,Kenai Peninsula Borough,,2002,
99663,AK,Seldovia,Kenai Peninsula Borough,,2003,
99663,AK,Seldovia,Kenai Peninsula Borough,,2004,
99663,AK,Seldovia,Kenai Peninsula Borough,,2005,
99663,AK,Seldovia,Kenai Peninsula Borough,,2006,
99663,AK,Seldovia,Kenai Peninsula Borough,,2007,
99663,AK,Seldovia,Kenai Peninsula Borough,,2008,
99663,AK,Seldovia,Kenai Peninsula Borough,,2009,
99663,AK,Seldovia,Kenai Peninsula Borough,,2010,
99663,AK,Seldovia,Kenai Peninsula Borough,,2011,
99663,AK,Seldovia,Kenai Peninsula Borough,,2012,170030
99663,AK,Seldovia,Kenai Peninsula Borough,,2013,169532
99663,AK,Seldovia,Kenai Peninsula Borough,,2014,168442
99663,AK,Seldovia,Kenai Peninsula Borough,,2015,175307
99663,AK,Seldovia,Kenai Peninsula Borough,,2016,183349
99663,AK,Seldovia,Kenai Peninsula Borough,,2017,179146
99663,AK,Seldovia,Kenai Peninsula Borough,,2018,186596
99663,AK,Seldovia,Kenai Peninsula Borough,,2019,198047
99663,AK,Seldovia,Kenai Peninsula Borough,,2020,211092
99663,AK,Seldovia,Kenai Peninsula Borough,,2021,234541
99663,AK,Seldovia,Kenai Peninsula Borough,,2022,252953
99663,AK,Seldovia,Kenai Peninsula Borough,,2023,246706
99663,AK,Seldovia,Kenai Peninsula Borough,,2024,254810
99663,AK,Seldovia,Kenai Peninsula Borough,,2025,262524
99664,AK,Seward,Kenai Peninsula Borough,,2000,
99664,AK,Seward,Kenai Peninsula Borough,,2001,
99664,AK,Seward,Kenai Peninsula Borough,,2002,
99664,AK,Seward,Kenai Peninsula Borough,,2003,
99664,AK,Seward,Kenai Peninsula Borough,,2004,
99664,AK,Seward,Kenai Peninsula Borough,,2005,194545
99664,AK,Seward,Kenai Peninsula Borough,,2006,201334
99664,AK,Seward,Kenai Peninsula Borough,,2007,205715
99664,AK,Seward,Kenai Peninsula Borough,,2008,208281
99664,AK,Seward,Kenai Peninsula Borough,,2009,205059
99664,AK,Seward,Kenai Peninsula Borough,,2010,202988
99664,AK,Seward,Kenai Peninsula Borough,,2011,201750
99664,AK,Seward,Kenai Peninsula Borough,,2012,202097
99664,AK,Seward,Kenai Peninsula Borough,,2013,203925
99664,AK,Seward,Kenai Peninsula Borough,,2014,209959
99664,AK,Seward,Kenai Peninsula Borough,,2015,221964
99664,AK,Seward,Kenai Peninsula Borough,,2016,234172
99664,AK,Seward,Kenai Peninsula Borough,,2017,243086
99664,AK,Seward,Kenai Peninsula Borough,,2018,255809
99664,AK,Seward,Kenai Peninsula Borough,,2019,271990
99664,AK,Seward,Kenai Peninsula Borough,,2020,286170
99664,AK,Seward,Kenai Peninsula Borough,,2021,325776
99664,AK,Seward,Kenai Peninsula Borough,,2022,354713
99664,AK,Seward,Kenai Peninsula Borough,,2023,352361
99664,AK,Seward,Kenai Peninsula Borough,,2024,364634
99664,AK,Seward,Kenai Peninsula Borough,,2025,373326
99669,AK,Soldotna,Kenai Peninsula Borough,,2000,
99669,AK,Soldotna,Kenai Peninsula Borough,,2001,
99669,AK,Soldotna,Kenai Peninsula Borough,,2002,
99669,AK,Soldotna,Kenai Peninsula Borough,,2003,
99669,AK,Soldotna,Kenai Peninsula Borough,,2004,
99669,AK,Soldotna,Kenai Peninsula Borough,,2005,205360
99669,AK,Soldotna,Kenai Peninsula Borough,,2006,212986
99669,AK,Soldotna,Kenai Peninsula Borough,,2007,218459
99669,AK,Soldotna,Kenai Peninsula Borough,,2008,223515
99669,AK,Soldotna,Kenai Peninsula Borough,,2009,223702
99669,AK,Soldotna,Kenai Peninsula Borough,,2010,224810
99669,AK,Soldotna,Kenai Peninsula Borough,,2011,225947
99669,AK,Soldotna,Kenai Peninsula Borough,,2012,229207
99669,AK,Soldotna,Kenai Peninsula Borough,,2013,232735
99669,AK,Soldotna,Kenai Peninsula Borough,,2014,236805
99669,AK,Soldotna,Kenai Peninsula Borough,,2015,249719
99669,AK,Soldotna,Kenai Peninsula Borough,,2016,261852
99669,AK,Soldotna,Kenai Peninsula Borough,,2017,264936
99669,AK,Soldotna,Kenai Peninsula Borough,,2018,267625
99669,AK,Soldotna,Kenai Peninsula Borough,,2019,283656
99669,AK,Soldotna,Kenai Peninsula Borough,,2020,293763
99669,AK,Soldotna,Kenai Peninsula Borough,,2021,318922
99669,AK,Soldotna,Kenai Peninsula Borough,,2022,352219
99669,AK,Soldotna,Kenai Peninsula Borough,,2023,344795
99669,AK,Soldotna,Kenai Peninsula Borough,,2024,348966
99669,AK,Soldotna,Kenai Peninsula Borough,,2025,351684
99672,AK,Soldotna,Kenai Peninsula Borough,,2000,
99672,AK,Soldotna,Kenai Peninsula Borough,,2001,
99672,AK,Soldotna,Kenai Peninsula Borough,,2002,
99672,AK,Soldotna,Kenai Peninsula Borough,,2003,
99672,AK,Soldotna,Kenai Peninsula Borough,,2004,
99672,AK,Soldotna,Kenai Peninsula Borough,,2005,178501
99672,AK,Soldotna,Kenai Peninsula Borough,,2006,185035
99672,AK,Soldotna,Kenai Peninsula Borough,,2007,190349
99672,AK,Soldotna,Kenai Peninsula Borough,,2008,194694
99672,AK,Soldotna,Kenai Peninsula Borough,,2009,195066
99672,AK,Soldotna,Kenai Peninsula Borough,,2010,196253
99672,AK,Soldotna,Kenai Peninsula Borough,,2011,197498
99672,AK,Soldotna,Kenai Peninsula Borough,,2012,204557
99672,AK,Soldotna,Kenai Peninsula Borough,,2013,205531
99672,AK,Soldotna,Kenai Peninsula Borough,,2014,210407
99672,AK,Soldotna,Kenai Peninsula Borough,,2015,221600
99672,AK,Soldotna,Kenai Peninsula Borough,,2016,232328
99672,AK,Soldotna,Kenai Peninsula Borough,,2017,240657
99672,AK,Soldotna,Kenai Peninsula Borough,,2018,244667
99672,AK,Soldotna,Kenai Peninsula Borough,,2019,262551
99672,AK,Soldotna,Kenai Peninsula Borough,,2020,276727
99672,AK,Soldotna,Kenai Peninsula Borough,,2021,305646
99672,AK,Soldotna,Kenai Peninsula Borough,,2022,333138
99672,AK,Soldotna,Kenai Peninsula Borough,,2023,326241
99672,AK,Soldotna,Kenai Peninsula Borough,,2024,335184
99672,AK,Soldotna,Kenai Peninsula Borough,,2025,339547
99674,AK,Sutton,Matanuska Susitna Borough,"Anchorage, AK",2000,
99674,AK,Sutton,Matanuska Susitna Borough,"Anchorage, AK",2001,
99674,AK,Sutton,Matanuska Susitna Borough,"Anchorage, AK",2002,
99674,AK,Sutton,Matanuska Susitna Borough,"Anchorage, AK",2003,
99674,AK,Sutton,Matanuska Susitna Borough,"Anchorage, AK",2004,
99674,AK,Sutton,Matanuska Susitna Borough,"Anchorage, AK",2005,
99674,AK,Sutton,Matanuska Susitna Borough,"Anchorage, AK",2006,
99674,AK,Sutton,Matanuska Susitna Borough,"Anchorage, AK",2007,
99674,AK,Sutton,Matanuska Susitna Borough,"Anchorage, AK",2008,
99674,AK,Sutton,Matanuska Susitna Borough,"Anchorage, AK",2009,
99674,AK,Sutton,Matanuska Susitna Borough,"Anchorage, AK",2010,
99674,AK,Sutton,Matanuska Susitna Borough,"Anchorage, AK",2011,
99674,AK,Sutton,Matanuska Susitna Borough,"Anchorage, AK",2012,
99674,AK,Sutton,Matanuska Susitna Borough,"Anchorage, AK",2013,
99674,AK,Sutton,Matanuska Susitna Borough,"Anchorage, AK",2014,
99674,AK,Sutton,Matanuska Susitna Borough,"Anchorage, AK",2015,
99674,AK,Sutton,Matanuska Susitna Borough,"Anchorage, AK",2016,206980
99674,AK,Sutton,Matanuska Susitna Borough,"Anchorage, AK",2017,206725
99674,AK,Sutton,Matanuska Susitna Borough,"Anchorage, AK",2018,205983
99674,AK,Sutton,Matanuska Susitna Borough,"Anchorage, AK",2019,221248
99674,AK,Sutton,Matanuska Susitna Borough,"Anchorage, AK",2020,242664
99674,AK,Sutton,Matanuska Susitna Borough,"Anchorage, AK",2021,262272
99674,AK,Sutton,Matanuska Susitna Borough,"Anchorage, AK",2022,274100
99674,AK,Sutton,Matanuska Susitna Borough,"Anchorage, AK",2023,282973
99674,AK,Sutton,Matanuska Susitna Borough,"Anchorage, AK",2024,284234
99674,AK,Sutton,Matanuska Susitna Borough,"Anchorage, AK",2025,283206
99676,AK,Talkeetna,Matanuska Susitna Borough,"Anchorage, AK",2000,
99676,AK,Talkeetna,Matanuska Susitna Borough,"Anchorage, AK",2001,
99676,AK,Talkeetna,Matanuska Susitna Borough,"Anchorage, AK",2002,
99676,AK,Talkeetna,Matanuska Susitna Borough,"Anchorage, AK",2003,
99676,AK,Talkeetna,Matanuska Susitna Borough,"Anchorage, AK",2004,
99676,AK,Talkeetna,Matanuska Susitna Borough,"Anchorage, AK",2005,
99676,AK,Talkeetna,Matanuska Susitna Borough,"Anchorage, AK",2006,
99676,AK,Talkeetna,Matanuska Susitna Borough,"Anchorage, AK",2007,
99676,AK,Talkeetna,Matanuska Susitna Borough,"Anchorage, AK",2008,
99676,AK,Talkeetna,Matanuska Susitna Borough,"Anchorage, AK",2009,
99676,AK,Talkeetna,Matanuska Susitna Borough,"Anchorage, AK",2010,
99676,AK,Talkeetna,Matanuska Susitna Borough,"Anchorage, AK",2011,
99676,AK,Talkeetna,Matanuska Susitna Borough,"Anchorage, AK",2012,
99676,AK,Talkeetna,Matanuska Susitna Borough,"Anchorage, AK",2013,
99676,AK,Talkeetna,Matanuska Susitna Borough,"Anchorage, AK",2014,
99676,AK,Talkeetna,Matanuska Susitna Borough,"Anchorage, AK",2015,
99676,AK,Talkeetna,Matanuska Susitna Borough,"Anchorage, AK",2016,142273
99676,AK,Talkeetna,Matanuska Susitna Borough,"Anchorage, AK",2017,146621
99676,AK,Talkeetna,Matanuska Susitna Borough,"Anchorage, AK",2018,148578
99676,AK,Talkeetna,Matanuska Susitna Borough,"Anchorage, AK",2019,164448
99676,AK,Talkeetna,Matanuska Susitna Borough,"Anchorage, AK",2020,195003
99676,AK,Talkeetna,Matanuska Susitna Borough,"Anchorage, AK",2021,217687
99676,AK,Talkeetna,Matanuska Susitna Borough,"Anchorage, AK",2022,231910
99676,AK,Talkeetna,Matanuska Susitna Borough,"Anchorage, AK",2023,246195
99676,AK,Talkeetna,Matanuska Susitna Borough,"Anchorage, AK",2024,247000
99676,AK,Talkeetna,Matanuska Susitna Borough,"Anchorage, AK",2025,250575
99686,AK,Valdez,Valdez Cordova Borough,,2000,
99686,AK,Valdez,Valdez Cordova Borough,,2001,
99686,AK,Valdez,Valdez Cordova Borough,,2002,
99686,AK,Valdez,Valdez Cordova Borough,,2003,
99686,AK,Valdez,Valdez Cordova Borough,,2004,
99686,AK,Valdez,Valdez Cordova Borough,,2005,
99686,AK,Valdez,Valdez Cordova Borough,,2006,
99686,AK,Valdez,Valdez Cordova Borough,,2007,
99686,AK,Valdez,Valdez Cordova Borough,,2008,
99686,AK,Valdez,Valdez Cordova Borough,,2009,
99686,AK,Valdez,Valdez Cordova Borough,,2010,
99686,AK,Valdez,Valdez Cordova Borough,,2011,
99686,AK,Valdez,Valdez Cordova Borough,,2012,
99686,AK,Valdez,Valdez Cordova Borough,,2013,
99686,AK,Valdez,Valdez Cordova Borough,,2014,
99686,AK,Valdez,Valdez Cordova Borough,,2015,
99686,AK,Valdez,Valdez Cordova Borough,,2016,
99686,AK,Valdez,Valdez Cordova Borough,,2017,
99686,AK,Valdez,Valdez Cordova Borough,,2018,
99686,AK,Valdez,Valdez Cordova Borough,,2019,
99686,AK,Valdez,Valdez Cordova Borough,,2020,
99686,AK,Valdez,Valdez Cordova Borough,,2021,
99686,AK,Valdez,Valdez Cordova Borough,,2022,320794
99686,AK,Valdez,Valdez Cordova Borough,,2023,307798
99686,AK,Valdez,Valdez Cordova Borough,,2024,320665
99686,AK,Valdez,Valdez Cordova Borough,,2025,332582
99688,AK,Willow,Matanuska Susitna Borough,"Anchorage, AK",2000,
99688,AK,Willow,Matanuska Susitna Borough,"Anchorage, AK",2001,
99688,AK,Willow,Matanuska Susitna Borough,"Anchorage, AK",2002,
99688,AK,Willow,Matanuska Susitna Borough,"Anchorage, AK",2003,
99688,AK,Willow,Matanuska Susitna Borough,"Anchorage, AK",2004,
99688,AK,Willow,Matanuska Susitna Borough,"Anchorage, AK",2005,
99688,AK,Willow,Matanuska Susitna Borough,"Anchorage, AK",2006,
99688,AK,Willow,Matanuska Susitna Borough,"Anchorage, AK",2007,
99688,AK,Willow,Matanuska Susitna Borough,"Anchorage, AK",2008,
99688,AK,Willow,Matanuska Susitna Borough,"Anchorage, AK",2009,
99688,AK,Willow,Matanuska Susitna Borough,"Anchorage, AK",2010,
99688,AK,Willow,Matanuska Susitna Borough,"Anchorage, AK",2011,
99688,AK,Willow,Matanuska Susitna Borough,"Anchorage, AK",2012,148729
99688,AK,Willow,Matanuska Susitna Borough,"Anchorage, AK",2013,158532
99688,AK,Willow,Matanuska Susitna Borough,"Anchorage, AK",2014,165457
99688,AK,Willow,Matanuska Susitna Borough,"Anchorage, AK",2015,181148
99688,AK,Willow,Matanuska Susitna Borough,"Anchorage, AK",2016,186338
99688,AK,Willow,Matanuska Susitna Borough,"Anchorage, AK",2017,189254
99688,AK,Willow,Matanuska Susitna Borough,"Anchorage, AK",2018,185361
99688,AK,Willow,Matanuska Susitna Borough,"Anchorage, AK",2019,191211
99688,AK,Willow,Matanuska Susitna Borough,"Anchorage, AK",2020,211241
99688,AK,Willow,Matanuska Susitna Borough,"Anchorage, AK",2021,231920
99688,AK,Willow,Matanuska Susitna Borough,"Anchorage, AK",2022,246053
99688,AK,Willow,Matanuska Susitna Borough,"Anchorage, AK",2023,249894
99688,AK,Willow,Matanuska Susitna Borough,"Anchorage, AK",2024,251682
99688,AK,Willow,Matanuska Susitna Borough,"Anchorage, AK",2025,259631
99701,AK,Fairbanks,Fairbanks North Star Borough,"Fairbanks, AK",2000,
99701,AK,Fairbanks,Fairbanks North Star Borough,"Fairbanks, AK",2001,
99701,AK,Fairbanks,Fairbanks North Star Borough,"Fairbanks, AK",2002,
99701,AK,Fairbanks,Fairbanks North Star Borough,"Fairbanks, AK",2003,
99701,AK,Fairbanks,Fairbanks North Star Borough,"Fairbanks, AK",2004,
99701,AK,Fairbanks,Fairbanks North Star Borough,"Fairbanks, AK",2005,158655
99701,AK,Fairbanks,Fairbanks North Star Borough,"Fairbanks, AK",2006,173591
99701,AK,Fairbanks,Fairbanks North Star Borough,"Fairbanks, AK",2007,187553
99701,AK,Fairbanks,Fairbanks North Star Borough,"Fairbanks, AK",2008,192630
99701,AK,Fairbanks,Fairbanks North Star Borough,"Fairbanks, AK",2009,187088
99701,AK,Fairbanks,Fairbanks North Star Borough,"Fairbanks, AK",2010,186445
99701,AK,Fairbanks,Fairbanks North Star Borough,"Fairbanks, AK",2011,185511
99701,AK,Fairbanks,Fairbanks North Star Borough,"Fairbanks, AK",2012,184796
99701,AK,Fairbanks,Fairbanks North Star Borough,"Fairbanks, AK",2013,185347
99701,AK,Fairbanks,Fairbanks North Star Borough,"Fairbanks, AK",2014,183552
99701,AK,Fairbanks,Fairbanks North Star Borough,"Fairbanks, AK",2015,185247
99701,AK,Fairbanks,Fairbanks North Star Borough,"Fairbanks, AK",2016,192175
99701,AK,Fairbanks,Fairbanks North Star Borough,"Fairbanks, AK",2017,198124
99701,AK,Fairbanks,Fairbanks North Star Borough,"Fairbanks, AK",2018,205800
99701,AK,Fairbanks,Fairbanks North Star Borough,"Fairbanks, AK",2019,216699
99701,AK,Fairbanks,Fairbanks North Star Borough,"Fairbanks, AK",2020,222918
99701,AK,Fairbanks,Fairbanks North Star Borough,"Fairbanks, AK",2021,230938
99701,AK,Fairbanks,Fairbanks North Star Borough,"Fairbanks, AK",2022,243021
99701,AK,Fairbanks,Fairbanks North Star Borough,"Fairbanks, AK",2023,242059
99701,AK,Fairbanks,Fairbanks North Star Borough,"Fairbanks, AK",2024,248300
99701,AK,Fairbanks,Fairbanks North Star Borough,"Fairbanks, AK",2025,252027
99705,AK,North Pole,Fairbanks North Star Borough,"Fairbanks, AK",2000,
99705,AK,North Pole,Fairbanks North Star Borough,"Fairbanks, AK",2001,
99705,AK,North Pole,Fairbanks North Star Borough,"Fairbanks, AK",2002,
99705,AK,North Pole,Fairbanks North Star Borough,"Fairbanks, AK",2003,
99705,AK,North Pole,Fairbanks North Star Borough,"Fairbanks, AK",2004,
99705,AK,North Pole,Fairbanks North Star Borough,"Fairbanks, AK",2005,199702
99705,AK,North Pole,Fairbanks North Star Borough,"Fairbanks, AK",2006,221503
99705,AK,North Pole,Fairbanks North Star Borough,"Fairbanks, AK",2007,244447
99705,AK,North Pole,Fairbanks North Star Borough,"Fairbanks, AK",2008,246210
99705,AK,North Pole,Fairbanks North Star Borough,"Fairbanks, AK",2009,240908
99705,AK,North Pole,Fairbanks North Star Borough,"Fairbanks, AK",2010,241071
99705,AK,North Pole,Fairbanks North Star Borough,"Fairbanks, AK",2011,242563
99705,AK,North Pole,Fairbanks North Star Borough,"Fairbanks, AK",2012,242181
99705,AK,North Pole,Fairbanks North Star Borough,"Fairbanks, AK",2013,238962
99705,AK,North Pole,Fairbanks North Star Borough,"Fairbanks, AK",2014,234042
99705,AK,North Pole,Fairbanks North Star Borough,"Fairbanks, AK",2015,238910
99705,AK,North Pole,Fairbanks North Star Borough,"Fairbanks, AK",2016,247168
99705,AK,North Pole,Fairbanks North Star Borough,"Fairbanks, AK",2017,257310
99705,AK,North Pole,Fairbanks North Star Borough,"Fairbanks, AK",2018,268973
99705,AK,North Pole,Fairbanks North Star Borough,"Fairbanks, AK",2019,284242
99705,AK,North Pole,Fairbanks North Star Borough,"Fairbanks, AK",2020,297952
99705,AK,North Pole,Fairbanks North Star Borough,"Fairbanks, AK",2021,306579
99705,AK,North Pole,Fairbanks North Star Borough,"Fairbanks, AK",2022,322833
99705,AK,North Pole,Fairbanks North Star Borough,"Fairbanks, AK",2023,319182
99705,AK,North Pole,Fairbanks North Star Borough,"Fairbanks, AK",2024,325214
99705,AK,North Pole,Fairbanks North Star Borough,"Fairbanks, AK",2025,325270
99709,AK,Fairbanks,Fairbanks North Star Borough,"Fairbanks, AK",2000,
99709,AK,Fairbanks,Fairbanks North Star Borough,"Fairbanks, AK",2001,
99709,AK,Fairbanks,Fairbanks North Star Borough,"Fairbanks, AK",2002,
99709,AK,Fairbanks,Fairbanks North Star Borough,"Fairbanks, AK",2003,
99709,AK,Fairbanks,Fairbanks North Star Borough,"Fairbanks, AK",2004,
99709,AK,Fairbanks,Fairbanks North Star Borough,"Fairbanks, AK",2005,194652
99709,AK,Fairbanks,Fairbanks North Star Borough,"Fairbanks, AK",2006,214837
99709,AK,Fairbanks,Fairbanks North Star Borough,"Fairbanks, AK",2007,231188
99709,AK,Fairbanks,Fairbanks North Star Borough,"Fairbanks, AK",2008,235845
99709,AK,Fairbanks,Fairbanks North Star Borough,"Fairbanks, AK",2009,231812
99709,AK,Fairbanks,Fairbanks North Star Borough,"Fairbanks, AK",2010,231352
99709,AK,Fairbanks,Fairbanks North Star Borough,"Fairbanks, AK",2011,231509
